name,number of categories
Double Your Confidence & Self Esteem - Complete Blueprint,7
Become A Learning Machine How To Read 300 Books This Year,7
Cryptocurrency ICO Investing Course 2018 Identify the Best!,7
Cryptocurrency Investing Buy & Trade Bitcoin & Altcoins,7
Neuroscience for parents How to raise amazing kids,7
Crystal Reiki Master/Teacher Certification,7
"Awaken Your Heart, Creativity & Wisdom with Tara Brach",7
Neuroplasticity How To Rewire Your Brain,7
NLP Practitioner Certificate Course (Beginner to Advanced),7
Assertiveness Basics The 50-minute Communication Guide,7
Arts Therapy - Arts Therapy For Self Healing (Part One),7
NLP Master Practitioner Certificate (Advanced to Expert),7
Mini Habit Mastery The Scientific Way To Change Your Habits,7
"Mindfulness Practitioner Course (Level I, II, III & Master)",7
Mind Mapping Mastery –> Effective Mind Maps -> Step by Step,7
Meditation and the Evolution of Consciousness with Daaji,7
Digital Body Language,7
Animal Reiki Practitioner Certification,7
"Dowsing Course No 2 Multiple Choice, Asking Right Questions",7
Master your brain Neuroscience for personal development,7
"The Complete Job, Interview, Resume/LinkedIn & Network Guide",7
Become A Learning Machine 2.0 Read 300 Books This Year,7
"Cryptocurrency Complete Bitcoin, Ethereum, Altcoins! (8 HR)",7
Manifesting Your Best Life with Deepak Chopra - Part 1,7
Become a SpeedDemon Productivity Tricks to Have More Time,7
Remove Blocks to Psychic Power with Past Life Therapy,7
SQL for Newbs Data Analysis for Beginners,7
"Reiki Level I, II and Master/Teacher Program",7
"Reiki Level I, II and Master Certification  Energy Healing",7
Radical Acceptance with Tara Brach,7
Shamanic Initiation for Spiritual Awakening and Liberation,7
Body Language of Love and Dating,7
Body Language for Entrepreneurs,7
Professional Life Coaching Certification & Complete Guide,7
Productivity and Time Management for the Overwhelmed,7
Certified Angelic Healing Practitioner Diploma Course,7
Certified Crystal Healing Practitioner Diploma Course,7
Personal Finance Masterclass - Easy Guide to Better Finances,7
Sounds True Presents Good Medicine,7
"Sounds True's Freedom to Choose Something Different, Part 1",7
"Sounds True's Freedom to Choose Something Different, Part 2",7
Successful Negotiation Master Your Negotiating Skills,7
Become a SuperLearner® 2 Learn Speed Reading & Boost Memory,7
Tarot Card Success - The Complete Tarot Reading Course,7
Effective Time Management - Get 10X More Done in Less Time,7
SELF-CONFIDENCE 40-minute Confidence & Self Esteem Guide,7
Increase Your Intuitive Abilities Using EFT (Tapping),7
2018 Complete Public Speaking Masterclass For Every Occasion,7
How to remember every password,7
Hypnotherapy Certification Course (Hypnosis Practitioner),7
Value Investing Bootcamp How to Invest Wisely,7
From Goal Setting to Success Life Coach Certification,7
Management Skills New Manager Training in Essential Skills,7
Acorns' Guide to Personal Finance,7
Inspirational Screenwriting.  The #1 Screenwriting Course!,7
Acumen Presents Elizabeth Gilbert's Creativity Workshop,7
Acumen Presents Seth Godin's Leadership Workshop,7
Investing In Stocks  The Complete Course! (11 Hour),7
Finding Your Life's Purpose by Eckhart Tolle,7
How to Be Psychic - Psychic Development for Beginners,7
Tidy Up Your Home The KonMari Method,7
Your 7 Chakras  The Complete Guide to Your Energy Body,7
Think Like a Leader with Brian Tracy,7
Life Purpose Life Coach Certification,7
10X Effective Learning - Speed Reading & Memory Booster,7
Life Coach Training Course Introduction to Life Coaching,7
The Secrets of Body Language,7
How To Remember Everything With Tom Weber,7
"(2019) Career Hacking Resume, LinkedIn, Interviewing +More",7
Happiness Life Coach Certification,7
Life Coaching  Start Up Your Own Life Coaching Business,7
The Core Four of Personal Finance,7
Life Coaching Certification Course (Achology Certified),7
Google Analytics for Beginners,6
Content is King How to Write Killer Content for the Web,6
How I Got Famous On Instagram In Just A Few Months!,6
How I Hit #1 on Google The 2019 Complete SEO Course,6
Google AdWords Certification - Get Certified in Just 2 Days!,6
Google AdWords for Beginners 2018,6
How Retargeting Works–The Complete Guide To Retargeting Ads!,6
Google Tag Manager for Beginners+ (Challenges),6
Google Analytics Certification - Get Certified in 1 Day!,6
Complete SEO Training With Top SEO Expert Peter Kent!,6
"Copywriting - Become a Freelance Copywriter, your own boss",6
How To Start Your Simple Social Media Management Side Hustle,6
Go Viral on 6 Social Media Marketing Platforms,6
Email & Affiliate Marketing Mastermind,6
Copywriting Blunders Do You Make these 10 Common Mistakes?,6
"Facebook Live Attract 100,000+ Page fans with Viral Streams",6
Marketing Fundamentals,6
"Marketing Strategy To Reach 1,000,000! SEO & Social Media",6
SEO 2018 Complete SEO Training + SEO for WordPress Websites,6
"Digital Marketing MasterclassGet Your First 1,000 Customers",6
Digital Marketing Masterclass - 23 Courses in 1,6
Digital Marketing Course to become Expert Digital Marketer,6
Facebook Ads & Facebook Marketing MASTERY 2018  Coursenvy ™,6
Facebook Ads Crash Course,6
Facebook Marketing A Step-by-Step to Your First 1000 Fans!,6
Copywriting Master Course - Work From Home 3 Hours A Week!,6
"Mobile App Marketing With ASO, Advertising & Monetization",6
Moz Advanced SEO Tactics & Strategy,6
Learn the Basics of LinkedIn in just 30 minutes,6
"Instagram Marketing 2018 A Step-By-Step to 10,000 Followers",6
"Custom SEO Strategy Keyword Research, Audit & Link Building",6
Create an Affiliate Niche Website for Amazon or ClickBank,6
Copywriting secrets - How to write copy that sells,6
How to Design a Signature Coaching or Consulting Program,6
Marketing Strategy in 30 Minutes - BUS105,6
ClickBank Success – Affiliate Marketing Without A Website,6
SEO For WordPress [Beginners] #1 Step-by-Step SEO System,6
Social Media Marketing MASTERY  Learn Ads on 10+ Platforms,6
Become a Growth Marketer Learn Growth Marketing & Get a Job,6
The Complete Copywriting Course  Learn How To Write To Sell,6
The Complete Digital Marketing Course - 12 Courses in 1,6
The Complete Facebook Ads & Marketing Course 2017,6
The Complete Facebook Ads Course - Beginner to Advanced,6
The Complete Facebook Marketing Masterclass,6
The Complete Facebook Sales Funnel Blueprint,6
SEO Training Get Free Traffic to Your Website With SEO,6
The Complete Google AdWords Course 2017 Beginner to Expert!,6
The Complete Instagram Marketing Masterclass 2018,6
The Complete MailChimp Email Marketing Course,6
The Complete SEO Bootcamp - Beginner to Advanced,6
The Complete SEO Course - Rank Your Website in Google Easily,6
The Complete SEO Guide to Ranking Local Business Websites,6
Amazon Affiliate Marketing + SEO  250+ Videos  18.0 Hours,6
Affiliate Marketing Beginner Sell T-Shirts with Teespring,6
Affiliate Marketing Advanced  Sell T-Shirts With Teespring,6
Ultimate Google Ads / AdWords Course 2018 - Profit With PPC!,6
WIN at Starting a Social Media Management Business,6
What is Online and/or Digital Marketing,6
WordPress SEO - The Complete Yoast SEO Plugin Tutorial,6
YouTube Masterclass - Your Complete Guide to YouTube,6
2018 Complete Marketing MASTERCLASS - 6 Courses in 1!!,6
Zero Cost Marketing Strategies Official Primer Course (NEW),6
(2019) Growth Hacking with Digital Marketing [Version 6.1],6
Beginner Affiliate Marketing Start Home Business & Succeed,6
Home Business The Complete CPA Marketing Course,6
SEO in 2018 - SEO (Search Engine Optimization),6
Social Media Marketing - Complete Certificate Course,6
Social Media Management - The Complete 2018 Manager Bootcamp,6
Branding & Marketing for Startups Learn How To Stand Out,6
Social Media Marketing & Marketing Strategy Masterclass 2018,6
Seth Godin on Presenting to Persuade,6
EFT  & TFT Tapping Practitioner Certification (Beginner-Pro),5
Chess Tactics Essentials,5
#1 ITA Certified Tea Courses - Foundations of Chinese Tea,5
How to get Paid to Travel The World,5
How to Improve Your Figure Drawing - Step by Step,5
Dog Training - How to Work With Aggressive Dogs.,5
Chess From Beginner to Advanced at Warp Speed,5
Drawing and Sketching for Beginners,5
Draw Islamic Geometric Patterns With A Compass And Ruler,5
Dr. Ian Dunbar's SIRIUS® Dog Trainer Academy - All 4 Days,5
The Complete Guide to League of Legends,5
How to Get Free Products for Life!,5
Get Wine-Smart,5
Dog Training - Become A Dog Trainer - Dog Training Career,5
"Dog CPR, First Aid + Safety for pet pros + dedicated owners",5
"Mastering Airbnb  Learn from SF's top host, 100+ lectures",5
How to make sugar craft faces,5
"How to make ""Glossy Buttercream"" for Flowercake",5
Learn to Paint With Impact,5
Jewelry Making Wire Wrapping for Beginners,5
Travel Journaling How to Write Extraordinary Travel Diaries,5
Travel Hacking and Credit Card Reward Basics!,5
Intro to Abstract Painting #1 and #2,5
The Watercolor Workshop,5
Treatment & Prevention of Dog Aggression Biting & Fighting,5
The Secrets to Drawing,5
"Learn to color with Photoshop / COMIC BOOKS, MANGA, PINUPS",5
Travel Writing Explore the World & Publish Your Stories!,5
Foundations for Mastering Watercolor Painting,5
Essential Cooking Skills,5
Inside Your Dog's Mind with Victoria Stilwell,5
The Secret to Your Painting's Success,5
Indian Culinary World - Master the art of Indian Cooking,5
Makeup Effortless Makeup for Real Women,5
Simple Solutions for Common Dog Behavior & Training Problems,5
How to Draw Heads - Step by Step - From Any Angle,5
Mastering Brushstrokes - Part 1,5
Mastering wine - Jancis Robinson's Shortcuts to Success,5
How To Make Soap - Homemade Soap Making for Beginners,5
Growl Class - A Workshop Demo for Reactive Dogs,5
Ninja's Guide to Twitch Streaming Grow Your Channel,5
Oil Painting Master Series,5
Counter-Strike Global Offensive — Play Like a Pro,5
The Acrylic Painting Academy,5
THE ART & SCIENCE OF DRAWING / BASIC SKILLS,5
Become an Arabic Calligraphy Artist from Scratch,5
Paint Realistic Watercolor and Botanicals - STUDIO BASICS,5
Crush Micro Stakes Online Poker The Complete Mastery Guide,5
Paint Realistic Watercolour and Botanicals - CHASING AUTUMN,5
#7 Bake the Best Pizza Crust,5
Perfect French Macarons #1 - Simple to Sensational,5
"Beginner? Watercolor painting? Easy, you learn as you play.",5
#3 Bake Classic Sourdough Bread Like a Professional,5
#2 Bake Artisan Sourdough Bread Like a Professional,5
#1 Sourdough Bread Baking 101,5
How to Draw Anime People and bodies,5
Crucial Concepts in Dog Behavior & Training,5
Become a Coffee Expert How to Make the Perfect Cup,5
The Beginner's Guide to Digital Art with Procreate on iPad!,5
Watercolor Treasure Chest,5
Anime Drawing for Beginners,5
YouTube Affiliate Marketing Mastery,5
Aquaponic Gardening Growing Fish and Vegetables Together,5
Mix World-Class Cocktails - Secrets of a Champion Mixologist,5
The Complete Beginners Drawing and Shading Course,5
The Art & Science of Drawing / DYNAMIC MARK MAKING,5
The Colored Pencil Drawing Course,5
Science-Based Dog Training (with Feeling) - All 3 Days,5
Reliability and Games 2-Day Dog Training Workshop,5
The Art & Science of Figure Drawing Gesture,5
The Art & Science of Drawing / FORM & SPACE,5
Fluid Art Mastery Abstract Flow Art Secrets Revealed,5
How to be a Professional Outdoor and Nature Photographer,4
How To Make A Living Making Films Business Of Filmmaking,4
ULTIMATE VIDEO EDITING. Inspire your audience.,4
iPhone Photography  Take Professional Photos On Your iPhone,4
VIDEO SHOOTING techniques loved by pro broadcast filmmakers,4
Professional Retouching Course in Photoshop,4
Video production — LEVEL 1 iPhone video - 10 video projects,4
Wedding Photography Complete Guide to Wedding Photography,4
Photography - Become a Better Photographer - Part I,4
Learn to Color Grade and Edit video with DaVinci Resolve 15,4
Photography Masterclass A Complete Guide to Photography,4
Photography Fundamentals Taught by a Photography Pro!,4
Photography Composition & Portrait Photography Masterclass,4
Photography Beginners DSLR Photography Camera Settings,4
The Art of Seeing Photography training for the Artist in you,4
The Art of Finding Light Photography for the artist in you,4
The Art of Figure to Ground Photography's untaught secret,4
The Art of Black and White Photography,4
Night Photography You Can Shoot Stunning Night Photos,4
Photography 10 Top Tips - Be More Creative with Your Camera,4
Photography - The Ultimate Guide to Using Off-Camera Flash,4
Stunning Aerial Videography and Photography Using Drones,4
Photography - Become a Better Photographer - Part II,4
Perspective Photography tools that make your pictures POP,4
Phantom & Mavic Filmschool 1- master autopilot with Litchi,4
"Phantom & Mavic Filmschool 2 - more killer shots, 360 pano's",4
Hollywood Film School Filmmaking & TV Directing Masterclass,4
Photography for Kids Project-Based Beginner Photography,4
The Ultimate Photography Course For Beginners,4
Mastering Architecture and Real Estate Photography,4
Premiere Pro Lumetri Color Correct like a Pro,4
Learning Final Cut Pro X - Video Editing Mastery,4
License your photos online Create photographs that sell,4
The Complete Video Production Bootcamp,4
The Complete Video Editing Course With Wondershare Filmora,4
Long Exposure Photography Shoot Your Own Stunning Photos,4
"Mac Photos 2 Organize, Edit and Share Photos On Your Mac",4
The Complete Video Editing Course With Camtasia Studio 9,4
Phantom & Mavic Flightschool -  flight training & Go4 app,4
PowerDirector 15 - Video Editing for PC Users,4
Master Adobe Lightroom Fast,4
PowerDirector 14 - Video Editing for PC Users,4
Mastering Advanced Color Grading in Photoshop,4
Portrait Photography Masterclass,4
Photoshop Effects - How to Create Photo Effects,4
Premiere Pro CC for Beginners Video Editing in Premiere,4
"the Adobe Lightroom CC + Cloud, Made Easy, Taught by a Pro",4
Cinematography Course Shoot Better Video with Any Camera,4
Adobe Lightroom Classic CC Photo Editing Masterclass,4
Complete Filmmaker Guide Become an Incredible Video Creator,4
Affinity Photo Raw Image Development,4
Affinity Photo Beginner to Pro via Reference and Workflow,4
Cinematography Course Shoot Expert Video on Any Camera,4
Cinematic Wedding Films A Guide to Wedding Videography,4
Cinematic Color Grading Making Your Videos Come Alive,4
GIMP 2.8/2.10 Beginner-Advanced GIMP on Windows/MacOS/Linux,4
Food Photography Capturing Food in Your Kitchen,4
Affinity Photo The Little Box of Tricks,4
Affinity Photo for the iPad,4
DSLR Video Production - Start Shooting Better Video Today,4
Adobe Premiere Pro CS6 The Complete Video Editing Course,4
Digital Photography for Beginners with DSLR cameras,4
Adobe Premiere Pro CC Complete Course - Beginner to Advanced,4
Beginner Nikon Digital SLR (DSLR) Photography,4
EasyDSLR Digital Photography Course for Beginners,4
Basic Food Photography,4
Enhancing Photos for Complete Beginners,4
Become a master drone pilot in 2 weeks and start a business,4
Elevate Your Photography - Learn Essentials of Great Photos,4
Beginner Canon Digital SLR (DSLR) Photography,4
Affinity Photo Solid Foundations,4
Drones how to tell aerial stories,4
Therapeutic Art Life Coach Certification,3
OSHA Safety Pro Personal Protective Equipment,3
Meal Planning Masterclass Create Your Own Meal Plan,3
Emergency Life Support,3
Elevate Your Tennis Game Learn from Champion Andre Agassi,3
OSHA Safety Pro Trenching Excavation & Soil Mechanics,3
The Secret to Six Pack Abs Get Shredded Abs in 60 min/week,3
Meditation for Beginners How to Meditate Deeply & Quickly,3
Master Your ADHD Brain!,3
Total Transformation Yoga Teacher Training Anatomy & Flow!,3
"Eat Real Food How to Eat a Whole-Food, Plant-Based Diet",3
Martial Arts for Beginners,3
Acupressure Massage For Pain Relief (Fully Accredited),3
Nutrition Masterclass Build Your Perfect Diet & Meal Plan,3
Ayurveda Basics,3
Acupressure and Meridian Massage Techniques (CEU),3
Holistic Health and Wellness Coaching Certificate Program,3
Cognitive Behavioural Therapy (CBT) Practitioner Certificate,3
Cognitive Behavioural Therapy (CBT) Life Coach Certification,3
Thai Massage Course (Fully Accredited),3
Become a SuperHuman Naturally & Safely Boost Testosterone,3
Tai Chi - Yang style- Chi Kung,3
Summary of Traditional Yoga Practices,3
Strength Training For Beginners,3
Aromatherapy- Using Essential Oils (5 CEU) Fully Accredited,3
Sounds True Presents The Yoga of Awakening,3
Sounds True Presents Qi Gong for Health and Healing,3
Sounds True Presents Mystic Flow - The Yoga of Awakening,3
Sounds True Presents Brainspotting,3
Sit Less Move More - Office Desk Exercise To Improve Posture,3
Sexual Harassment Prevention for Managers,3
Sexual Harassment Prevention for Employees - 2017,3
Science-Based Bodyweight Workout Build Muscle Without A Gym,3
Reiki and Acupressure for Anxiety and Depression,3
"Reiki I, II, III ART & III Teacher Qualification",3
REBT – The Modern Effective Therapy System,3
Herbalism  Introduction & Medicine Making Course,3
"CBT for Depression, Anxiety, Phobias and Panic Attacks",3
CBT for Psychosis,3
Professional Accredited Yoga Teacher Training Course,3
Chair Yoga for Seniors & Beginners,3
Chakra Balancing & Healing Made Simple and Easy,3
Poi Dancing The Beginner Series,3
Learn how to save your life in 60 minutes using self defense,3
Life Coach Certification Therapeutic Model Level 1,3
The Art of Energy Healing,3
Gain your Reiki Level 1 Certification in less than a day!,3
Flourishing in Stressful Times - with Tara Brach,3
Learn Meditation with Certification to Guide + 10 MP3 Audios,3
Internationally Accredited Diploma Certificate in Nutrition,3
Laughter Facilitator Certification,3
Wing Chun Sil Lim Tao,3
Introduction to CBT Cognitive Behavioral Therapy,3
Learn Close Combat Training Military Hand-To-Hand Combat,3
Yoga Medicine’s Guide to Therapeutic Yoga,3
Hypnosis Hypnotherapy Certification (Ericksonian Hypnosis),3
Isla Verde Spa Deep Tissue Massage Course (Fully Accredited),3
Isla Verde Spa Relaxation Massage Course( Fully Accredited),3
Wing Chun Master,3
How to Build Muscle and Lose Fat,3
30 Day Yoga Challenge & Detox Diet Transformation System,3
40 Hour Transformational Yoga Training and CEU Video Course,3
How to Stop Drinking Alcohol,3
How to Relax and Destress Without Drinking Alcohol,3
Internationally Accredited Diploma Certificate in Fitness,3
Yoga As Meditation,3
Yoga  Online Yoga Course for Beginners,3
Freeing Ourselves With Mindfulness - with Tara Brach,3
15 Minute Hell The Ultimate Bodyweight Workout For Warriors,3
Instant Health Qigong,3
Health Masterclass How To Transform Your Health & Life,3
"Learn Optimal Sleep to Improve Your Health, Energy, and Mind",3
The Complete React Native and Redux Course,2
C# Advanced Topics Prepare for Technical Interviews,2
Quicklessons Piano Course - Learn to Play Piano by Ear!,2
SINGING SIMPLIFIED #1 The Fast-Track to Singing Like a Pro,2
The Complete Piano Course - Master The Piano,2
The Complete Ruby on Rails Developer Course,2
REST APIs with Flask and Python,2
Bulletproof Guitar Player Master the Fretboard,2
React 16 - The Complete Guide (incl. React Router 4 & Redux),2
Rockabilly Guitar For Beginners,2
The Complete React Web Developer Course (with Redux),2
C++ From Beginner to Expert,2
Read Music FAST!,2
The Complete Python 3 Course Go from Beginner to Advanced!,2
C# Basics for Beginners Learn C# Fundamentals by Coding,2
"C# Intermediate Classes, Interfaces and OOP",2
"Python for Data Structures, Algorithms, and Interviews!",2
Python for Financial Analysis and Algorithmic Trading,2
7 Secrets to HIT Songwriting,2
Python for Beginners with Examples,2
Piano From Zero To Pro - Beginner Essentials To The Piano,2
Complete Java Masterclass - updated for Java 11,2
Complete Guitar System - Beginner to Advanced,2
Complete Guide to TensorFlow for Deep Learning with Python,2
Ableton Live - Tech House Tutorial 2017,2
Complete Guide to Maschine MKII,2
Complete C# Unity Developer 3D - Learn to Code Making Games,2
Complete C# Unity Developer 2D - Learn to Code Making Games,2
Xamarin Forms Build Native Cross-platform Apps with C#,2
Piano Chords,2
Piano Fastlane -  Master Piano & Keyboard in an INSTANT,2
Piano for Singer/Songwriters  Write Songs and Perform Live!,2
Python and Django Full Stack Web Developer Bootcamp,2
Pianoforall - Incredible New Way To Learn Piano & Keyboard,2
Play Modern Blues Now,2
Play Ukulele Now,2
The Complete Web Developer in 2018 Zero to Mastery,2
The Complete Web Developer Course 2.0,2
How to play Piano - Go from a Beginner/Intermediate to a Pro,2
The Complete Oracle SQL Certification Course,2
Game Music Composition Make Music For Games From Scratch,2
GarageBand Masterclass Learn GarageBand Today,2
Progressive Web Apps (PWA) - The Complete Guide,2
The Complete Piano & Music Theory Beginners Course,2
Selenium WebDriver with Java - Basics to Advanced+Frameworks,2
The Complete Node.js Developer Course (2nd Edition),2
The Complete ASP.NET MVC 5 Course,2
Spring & Hibernate for Beginners,2
Spring Framework 5 Beginner to Guru,2
The Complete Angular Course Beginner to Advanced,2
The Complete Android N Developer Course,2
The Complete Android Kotlin Developer Course,2
The Complete Android & Java Developer Course - Build 21 Apps,2
Steps to Take to Effectively Sell Music Online,2
StichMethod Blues Master Class Part 1.,2
How To Sing  #2 Increase Vocal Range & Blend Registers,2
"Beginner Full Stack Web Development HTML, CSS, React & Node",2
GraphQL with React The Complete Developers Guide,2
Guitar Chord Mastery!Turn Your Brain Into A Chord Encyclopia,2
Sylenth Tutorial Master Lennar Digital's Sylenth1,2
iOS 10 & Swift 3 From Beginner to Paid Professional™,2
Guitar Super System Level 1,2
The Coding Interview Bootcamp Algorithms + Data Structures,2
The Best Beginner Guitar Course Ever,2
iOS 9 and Swift 2 From Beginner to Paid Professional™,2
Taming Big Data with Apache Spark and Python - Hands On!,2
The Basics Of Pro Songwriting,2
Guitar Super System Level 2,2
Automate the Boring Stuff with Python Programming,2
The Advanced Web Developer Bootcamp,2
Be a Voice Actor Making a Living with Your Voice,2
Avid Pro Tools 12 Fundamentals,2
BECOME A GREAT SINGER Your Complete Vocal Training System,2
How To Sing #1 Complete Vocal Warm ups & Voice Physiology,2
Spark and Python for Big Data with PySpark,2
Appium(Latest 1.8)-Mobile Automation Testing from Scratch,2
iOS 12 & Swift - The Complete iOS App Development Bootcamp,2
The Complete JavaScript Course 2018 Build Real Projects!,2
Scrum Certification Prep +Scrum Master+ Agile Scrum Training,2
Selenium WebDriver With Java - Novice To Ninja + Interview,2
Complete Python Masterclass,2
Build Responsive Real World Websites with HTML5 and CSS3,2
Android Java Masterclass - Become an App Developer,2
iOS 11 & Swift 4 - The Complete iOS App Development Bootcamp,2
"Git Complete The definitive, step-by-step guide to Git",2
Bootstrap 4 From Scratch With 5 Projects,2
Android O & Java - The Complete Android Development Bootcamp,2
Git a Web Developer Job Mastering the Modern Workflow,2
Angular & NodeJS - The MEAN Stack Guide,2
Angular 7 (formerly Angular 2) - The Complete Guide,2
Angular Crash Course for Busy Developers,2
Angular Front To Back,2
Apache Kafka Series - Learn Apache Kafka for Beginners v2,2
Song Science #1 How Pros Use 6 Chords to Write Hit Songs,2
Song Science #2 The Complete Songwriting Chord Guide,2
Songwriting & Music Production In GarageBand- A Total Guide!,2
Sound Design 102 Using Synthesis for Music Production,2
Go The Complete Developer's Guide (Golang),2
The Complete Developers Guide to MongoDB,2
"How to DJ - Professional DJ School, I Worked at Armada Music",2
iOS 11 & Swift 4 From Beginner to Paid Professional™,2
Beginner Piano,2
The Complete WordPress Website Business Course,2
Phase 2 - Becoming A Natural Singer,2
The Complete iOS 10 & Swift 3 Developer Course,2
Music + Audio Production in Logic Pro X - The Complete Guide,2
Learn How to Improvise on Guitar in 30 Days,2
Learn How To Code Google's Go (golang) Programming Language,2
"Massive Tutorial Master ""Massive"" in One Week",2
"Ultimate Ableton Live 9 Complete Parts 4, 5, & 6",2
"Ultimate Ableton Live 9 COMPLETE Parts 1, 2, & 3",2
Master Jenkins CI For DevOps and Developers,2
Master Microservices with Spring Boot and Spring Cloud,2
"Ultimate Ableton Live 10 COMPLETE Parts 1, 2, and 3",2
ES6 Javascript The Complete Developer's Guide,2
Docker Mastery The Complete Toolset From a Docker Captain,2
Docker Crash Course for busy DevOps and Developers,2
Learn Compression & Dynamics Processing The Complete Guide!,2
"LEARN HARMONICA, amaze your friends and have fun - it's EASY",2
"Jazz Guitar Tips, Tricks and Licks",2
Microservices with Spring Cloud,2
JavaScript Understanding the Weird Parts,2
30 Days of Python  Unlock your Python Potential,2
Millionaire DJ FL Studio 12 - Pro Music Production Course,2
"Advanced CSS and Sass Flexbox, Grid, Animations and More!",2
"JSP, Servlets and JDBC for Beginners Build a Database App",2
The Web Developer Bootcamp,2
"Data Science, Deep Learning and Machine Learning with Python",2
Mixing for Music Producers,2
The Unreal Engine Developer Course - Learn C++ & Make Games,2
Modern JavaScript From The Beginning,2
Modern React with Redux,2
Modern Rock Guitar Techniques,2
Learn How to Make Electronic Music with Cubase,2
Webpack 2 The Complete Developer's Guide,2
Elite Singing Techniques - Phase I,2
Learning  Apple Logic Pro X - Master Logic Pro X Quickly,2
Learn To Play The Drums,2
Learn and Understand AngularJS,2
Learn and Understand NodeJS,2
"Film, TV, & Video Game Music Composition + Production BASICS",2
Vue JS 2 - The Complete Guide (incl. Vue Router & Vuex),2
Vocal Warmups for Great Technique,2
Learn to Play Clarinet Beginner to Pro in Under Five Hours,2
Learn to Play Saxophone Beginner to Pro in Under Four Hours,2
Learn to Play the Flute Beginner Basics to Intermediate,2
Learn to Play the Trumpet Beginner to Pro Made the Easy Way,2
Vocal Boot Camp Riffs and Runs,2
Ableton Push - Workflow and Production,2
Ethereum and Solidity The Complete Developer's Guide,2
WebServices/REST API Testing with SoapUI+ Real Time Projects,2
Learning Python for Data Analysis and Visualization,2
Entity Framework in Depth The Complete Guide,2
Web Design for Beginners Real World Coding in HTML & CSS,2
Unreal Engine 4 How to Develop Your First Two Games,2
Unity Game Development Build 2D & 3D Games,2
Understanding TypeScript,2
Logic Pro X -  Masterclass,2
Ultimate Web Designer & Developer Course Build 23 Projects!,2
Lyricology Perfect Song Structure and Beat Selection!,2
Ultimate Beginner Guitar Masterclass (2018 Update),2
Ultimate Ableton Live 9 Part 4 - Synths & Samplers,2
Ultimate Ableton Live 9 Part 1 - The Interface & The Basics,2
Advanced React and Redux 2018 Edition,2
Mixing & Mastering Electronic Dance Music (EDM),2
Music Composition 1,2
Country Guitar Essentials Chicken Pickin',2
Music Theory for Electronic Musicians,2
Music Theory for Electronic Musicians 2 Minor keys and More,2
Music Theory for Electronic Producers - The Complete Course!,2
Music Composition Bundle Composition & Film Scoring 1 & 2,2
The Ultimate MySQL Bootcamp Go from SQL Beginner to Expert,2
The Ultimate Guide to Game Development with Unity,2
Adventures in Classical Music—Music Appreciation for All!,2
Cracking the Violin Code! The ultimate VIOLIN MASTERCLASS!,2
Node with React Fullstack Web Development,2
Ionic 2/ Ionic 3 - Build iOS & Android Apps with Angular,2
The Python Mega Course Build 10 Real World Applications,2
Music Theory Grade 1 - British School Muscat,2
The Python Bible™  Everything You Need to Program in Python,2
The Professional Guitar Masterclass,2
Orchestration 1 Compose Orchestral Music for Strings,2
PHP for Beginners - Become a PHP Master - CMS Project,2
PHP with Laravel for beginners - Become a Master in Laravel,2
The Professional Bass Masterclass,2
The Modern Python 3 Bootcamp,2
The Java Spring Tutorial Learn Java's Popular Web Framework,2
Complete Step By Step Java For Testers,2
Part 1 Foundation Enterprise Architect Certification Trng,2
"Music Theory for Electronic Music COMPLETE Parts 1, 2, & 3",2
The Ultimate Excel Programmer Course,2
"Music Theory Comprehensive Complete! (Levels 1, 2, & 3)",2
Music Production in Logic Pro X - The Complete Course!,2
Music Production - Learn the Compressor Effect,2
Music Production in Ableton Live 10 - The Complete Course!,2
"Music Theory Comprehensive Combined Part 4, 5, & 6",2
Music Production with Presonus Studio One ✅,2
Music Producer Masterclass Make Electronic Music,2
Music Production Bootcamp Learn the Basics of Making Beats,2
Music Theory #1- Circle of 5ths Master Class 12 Keys,2
Music Production I - Learn to be a Music Producer!,2
Music Production in Ableton Live 9 - The Complete Course!,2
Music Theory Comprehensive Part 1 - How To Read Music,2
Accounting - A Brief Introduction - in 60 Minutes,1
Artificial Intelligence A-Z™ Learn How To Build An AI,1
Writing With Flair How To Become An Exceptional Writer,1
Accent Reduction Made Fast and Easy,1
An Entire MBA in 1 CourseAward Winning Business School Prof,1
The Complete Financial Analyst Training & Investing Course,1
Writing With Impact Writing That Persuades,1
Artificial Intelligence Reinforcement Learning in Python,1
"The Basics of Blockchain Ethereum, Bitcoin, & More",1
Zero to Deep Learning™ with Python and Keras,1
The Complete WordPress Aliexpress Dropship course,1
The Essential Guide to Entrepreneurship by Guy Kawasaki,1
The Elements of English Grammar,1
The Data Science Course 2018 Complete Data Science Bootcamp,1
The Complete Presentation and Public Speaking/Speech Course,1
The Complete Product Management Course,1
"The Cryptocurrency Bible™   Bitcoin, Ethereum, Altcoin...",1
An Intro to Learning French Through Stories & Conversation,1
Work From Home - 5 Ways To Start A Successful Home Business,1
The Real Fundamentals of Real Estate Investing,1
American Sign Language Level 1,1
Amazon FBA - How to Private Label Products & EARN income!,1
Acumen Presents Chris Anderson on Public Speaking,1
UiPath - Level 1 Robotic Process Automation,1
Apache Spark 2 with Scala - Hands On with Big Data!,1
American English Pronunciation,1
The Complete SQL Bootcamp,1
3 Minute French - Course 1,1
5 Days to a Better Accent,1
3 Minute Spanish - Course 1,1
The Complete Splunk Beginner Course,1
World-Class HR 21st Century Talent Management,1
Algorithmic Trading In Forex Create Your First Forex Robot!,1
The Ultimate Hands-On Hadoop - Tame your Big Data!,1
The Complete Bitcoin Course Get .0001 BTC In Your Wallet,1
2018 Blog Blueprint How To Turn Blogging Into A Career,1
The Secrets of Successful Russian - Learn Russian Quickly,1
Accounting in 60 Minutes - A Brief Introduction,1
The Complete Investment Banking Course 2018,1
The Complete Financial Analyst Course 2018,1
Advanced English Grammar A Comprehensive Guide,1
The Complete Shopify Aliexpress Dropship course,1
Python A-Z™ Python For Data Science With Real Exercises!,1
Bayesian Machine Learning in Python A/B Testing,1
Machine Learning A-Z™ Hands-On Python & R In Data Science,1
Easy English Grammar - Improve your English in 6 Easy Steps,1
Master The English Verb Tenses,1
Master Polite English,1
Master Course in Tableau 10 & 2018 for Business Intelligence,1
Master 120 common phrasal verbs,1
English Grammar Launch Advanced Upgrade your speaking,1
English Grammar Launch Upgrade your speaking and listening,1
Online Japanese Beginner Course (All 12 lessons）,1
MSA Arabic complete course - For foreigners! Beginner to Pro,1
English Grammar Refresher,1
English Speaking Patterns Mastery Upgrade your English,1
English Vocabulary Launch Upgrade your speaking,1
English punctuation made easy,1
Everyday English for ESL,1
Mastering IELTS Writing Task 1 (Academic),1
Mastering IELTS Writing Task 2 (Achieve Band 7+ in 5 Hours),1
Mastering IELTS Writing Task 2 (Band 9 Model Answers),1
Deutsch Intensiv - Intensive German Course for Beginners,1
Microsoft Power BI - A Complete Introduction,1
Microsoft Power BI - Up & Running With Power BI Desktop,1
"Deep Learning and Computer Vision A-Z™ OpenCV, SSD & GANs",1
Deep Learning Convolutional Neural Networks in Python,1
Mini Grammar Tests,1
Deep Learning A-Z™ Hands-On Artificial Neural Networks,1
Data Science and Machine Learning Bootcamp with R,1
Data Science Natural Language Processing (NLP) in Python,1
Data Science Deep Learning in Python,1
Data Science A-Z™ Real-Life Data Science Exercises Included,1
Natural Language Processing with Deep Learning in Python,1
Cryptocurrency Trading Course 2018 Make Profits Daily!,1
Cryptocurrency Investment Course 2018 Fund your Retirement!,1
Learn to Speak Conversational French - French For Beginners,1
Learn to Sell Anything by Grant Cardone,1
Learn to Read Biblical Hebrew,1
Formal Email Writing - Business English,1
Hebrew For Beginners,1
How To Make A Great First Impression,1
Grammar Boot Camp Easy Lessons for Common Writing Mistakes,1
Google Analytics For Beginners,1
Get 7-9 in IELTS Speaking IELTS Speaking Masterclass,1
German for beginners (A1 - Part 1/5),1
How to Learn and Memorize the Vocabulary of Any Language,1
How to Start an Amazon FBA Store on a Tight Budget,1
German Made Simple A Complete Course for Serious Learners,1
How to come up with killer business ideas complete workshop,1
How to do a Hebrew Word Study Without Knowing Hebrew,1
Fundamentals of Business Analysis,1
French for Beginners  Level 1,1
French Level 1 Introduction to French,1
Forex Trading A-Z™ - With LIVE Examples of Forex Trading,1
Express IELTS 7.0+ Preparation Formula,1
Intensive English Language Course for Beginners (A1-A2),1
Forex Robots Expect To Earn 175% P.A. Forex Robot Included!,1
"Introduction to Finance, Accounting, Modeling and Valuation",1
Japanese in 14 Weeks with Scientific Memorization Method,1
Leadership Practical Leadership Skills,1
Learn Cryptocurrency AltCoin Trading and ICO Investing,1
Learn English Speaking Course-How To Speak English Fluently,1
Learn German Language Complete German Course - Beginners,1
Learn Italian Language Complete Italian Course - Beginners,1
Learn Japanese for Beginners The Ultimate 100-Lesson Course,1
Learn Korean! Start Speaking Korean Now!,1
Learn Spanish - Conversational Spanish Made Easy,1
Learn Spanish Complete Spanish Course Spanish for Beginners,1
Fastbreak Spanish Save Time and Memory,1
Ninja Writing The Four Levels Of Writing Mastery,1
Online Japanese N2 Course(All 10 lessons),1
Become a Product Manager  Learn the Skills & Get the Job,1
Blockchain A-Z™ Learn How To Build Your First Blockchain,1
Beginning Project Management Project Management Level One,1
Big Data and Hadoop for Beginners - with Hands-on!,1
Black Algo Trading Build Your Trading Robot,1
Six Sigma Yellow Belt,1
Six Sigma White Belt,1
Six Sigma Green Belt,1
Seth Godin's Freelancer Course,1
Online Japanese N3 Course(All 10 lessons),1
Security Awareness Training,1
Build a Dropshipping Empire From Scratch. Proven Blueprint,1
Scala and Spark for Big Data and Machine Learning,1
Sales Training Practical Sales Techniques,1
Build a Shopify Dropshipping Business from Scratch,1
SQL - MySQL for Data Analytics and Business Intelligence,1
Beginner to Pro in PowerPoint Complete PowerPoint Training,1
Solve Communication Problems in Real Time ESL English Course,1
Beginner to Pro in Excel Financial Modeling and Valuation,1
"Spanish 1-4 Beginner, Elementary, Intermediate and Advanced",1
Spanish for Beginners. The complete Method. Level 1,1
Speak English With Confidence English Conversation Course,1
Start Trading Stocks Using Technical Analysis!,1
Start and Run a Successful Web Design Business from Home,1
Statistics for Business Analytics and Data Science A-Z™,1
Statistics for Data Science and Business Analysis,1
Survive Italy Without Being Fluent in Italian,1
TOEFL English Vocabulary,1
Tableau 10 A-Z Hands-On Tableau Training For Data Science!,1
Tableau 10 Advanced Training Master Tableau in Data Science,1
Tableau for Beginners - Get Certified Accelerate Your Career,1
Taming Big Data with MapReduce and Hadoop - Hands On!,1
Taming Big Data with Spark Streaming and Scala - Hands On!,1
SQL & Database Design A-Z™ Learn MS SQL Server + PostgreSQL,1
Building Your English Brain,1
Business Analysis Fundamentals - 2018,1
Complete English Course Learn English Language  Beginners,1
Online Japanese N4 Course(All 15 lessons),1
Online Japanese N5 Course(All 15 lessons),1
Options Trading - How to Win with Weekly Options,1
Options Trading Basics (3-Course Bundle),1
PMI-ACP Agile Certified Exam Prep - PMI REP 21 PDUs,1
PMP EXAM PREP-Project Management Professional FULL TRAINING,1
PMP Exam Prep Earn Your PMP Certification,1
PMP Exam Prep Seminar -  PMBOK Guide 6,1
PMP® Exam Prep 2018  2 Full Real Exams &Detailed PMP Math,1
Conversational French Made Easy,1
Perfect English Pronunciation British English,1
Complete Russian Language course for Beginners A1,1
Perfect Your German Tips & Tricks to Avoid Common Mistakes,1
Complete Python Bootcamp Go from zero to hero in Python 3,1
Power BI A-Z Hands-On Power BI Training For Data Science!,1
Business English Course for ESL Students,1
Chinese Made Easy L1 Understand 65% of Chinese in 10 hours,1
Powerful speaking,1
Practice and Perfect your French - Intermediate Level (HD),1
CORE KOREAN 1 Build up Korean Foundations through Practice,1
Product Management 101,1
CORE CHINESE 1 Build Up Chinese Foundations by Practice,1
Project Management Professional (PMP)® - 35 Contact Hours,1
Python for Data Science and Machine Learning Bootcamp,1
Python for Finance Investment Fundamentals & Data Analytics,1
R Programming A-Z™ R For Data Science With Real Exercises!,1
R Programming Advanced Analytics In R For Data Science,1
"CAPM Exam Prep Seminar - PMBOK Guide, Sixth Edition",1
CAPM Exam Prep Earn Your CAPM Certification,1
Robotic Process Automation - RPA Overview,1
#1 Cryptocurrency Long-term Investment Opportunity 2017/2018,1
